time,count,words
2017-02-05 14:30:00-08:00,4859,win one falcons hour youre patriots picking game halftime show
2017-02-05 14:31:00-08:00,4653,win one hour falcons youre patriots picking halftime gaga show
2017-02-05 14:32:00-08:00,4468,win one falcons hour patriots halftime youre gaga picking sunday
2017-02-05 14:33:00-08:00,4525,win one falcons go halftime gaga hour patriots show youre
2017-02-05 14:34:00-08:00,6792,get whether knocked win falcons one halftime gaga go patriots
2017-02-05 14:35:00-08:00,4188,win falcons one gaga sunday halftime go patriots show lady
2017-02-05 14:36:00-08:00,4054,win falcons show gaga halftime one patriots go lady sunday
2017-02-05 14:37:00-08:00,4217,win show gaga falcons dont halftime football lady go patriots
2017-02-05 14:38:00-08:00,4054,win show gaga falcons halftime lady one patriots go dont
2017-02-05 14:39:00-08:00,4196,win falcons gaga patriots sunday show halftime lady one im
2017-02-05 14:40:00-08:00,4598,win got sunday looking ya franchise title new show falcons
2017-02-05 14:41:00-08:00,5283,got looking ya title franchise atlanta history 1st win ready
2017-02-05 14:42:00-08:00,5153,got looking ya title franchise atlanta win history 1st new
2017-02-05 14:43:00-08:00,4955,got looking ya title franchise win atlanta history 1st gaga
2017-02-05 14:44:00-08:00,4773,got looking ya title franchise win gaga atlanta history lady
2017-02-05 14:45:00-08:00,4872,got win 1st looking ya title franchise gaga atlanta show
2017-02-05 14:46:00-08:00,4480,win got ya looking title franchise gaga show halftime lady
2017-02-05 14:47:00-08:00,4632,win got looking ya franchise title gaga show lady falcons
2017-02-05 14:48:00-08:00,5384,go cant dip mexico avocados wrong 7layer win got looking
2017-02-05 14:49:00-08:00,6044,go cant dip mexico avocados wrong 7layer win got tonight
2017-02-05 14:50:00-08:00,7907,make enjoy america great continue go cant mexico dip avocados
2017-02-05 14:51:00-08:00,6523,go cant make america enjoy mexico avocados great dip wrong
2017-02-05 14:52:00-08:00,6048,go cant make dip mexico avocados wrong 7layer america great
2017-02-05 14:53:00-08:00,5946,go cant mexico avocados dip wrong 7layer make america great
2017-02-05 14:54:00-08:00,6042,go cant dip mexico avocados wrong 7layer make america great
2017-02-05 14:55:00-08:00,6171,go cant avocados mexico dip wrong 7layer make america win
2017-02-05 14:56:00-08:00,5734,go cant mexico avocados dip wrong 7layer make america win
2017-02-05 14:57:00-08:00,5868,win mexico avocados gaga make got america awesome go chance
2017-02-05 14:58:00-08:00,6270,win awesome chance mexico avocados prizes make america got gaga
2017-02-05 14:59:00-08:00,6343,win awesome chance mexico avocados prizes make america great got
2017-02-05 15:00:00-08:00,7112,win awesome chance avocados mexico prizes make got america great
2017-02-05 15:01:00-08:00,6310,win awesome chance mexico prizes avocados got make america show
2017-02-05 15:02:00-08:00,6180,win awesome chance prizes mexico avocados got falcons make show
2017-02-05 15:03:00-08:00,6310,win awesome chance prizes mexico avocados gaga falcons show time
2017-02-05 15:04:00-08:00,6201,win chance awesome prizes mexico avocados got falcons make gaga
2017-02-05 15:05:00-08:00,6690,win falcons 1st think chance got time make show awesome
2017-02-05 15:06:00-08:00,7033,win falcons 1st think chance awesome prizes mexico avocados got
2017-02-05 15:07:00-08:00,6502,win falcons 1st think chance got make awesome prizes mexico
2017-02-05 15:08:00-08:00,6226,win falcons chance 1st awesome prizes mexico avocados think make
2017-02-05 15:09:00-08:00,6664,win chance awesome prizes mexico avocados falcons 1st think gaga
2017-02-05 15:10:00-08:00,6126,win falcons chance awesome mexico prizes avocados 1st think gaga
2017-02-05 15:11:00-08:00,6529,win falcons chance awesome prizes mexico avocados gaga patriots 1st
2017-02-05 15:12:00-08:00,5784,win falcons 1st gaga think lady time show watch make
2017-02-05 15:13:00-08:00,5374,win falcons gaga make lady 1st time im watch show
2017-02-05 15:14:00-08:00,5878,win falcons gaga think 1st time lady show im watch
2017-02-05 15:15:00-08:00,6946,win falcons 1st think time gaga go show lady make
2017-02-05 15:16:00-08:00,6528,win falcons go 1st show time think gaga make lady
2017-02-05 15:17:00-08:00,6692,win falcons go time think gaga patriots lets 1st show
2017-02-05 15:18:00-08:00,7488,win falcons go lets time patriots watch gaga im think
2017-02-05 15:19:00-08:00,7833,falcons win go lets time patriots im show got game
2017-02-05 15:20:00-08:00,8204,falcons win go lets time im think patriots got 1st
2017-02-05 15:21:00-08:00,8529,falcons win go lets time im patriots got game 1st
2017-02-05 15:22:00-08:00,7997,falcons win go time lets im patriots 1st think game
2017-02-05 15:23:00-08:00,7388,falcons win go time lets im game watch patriots gaga
2017-02-05 15:24:00-08:00,8883,falcons win go time lets im game watching america watch
2017-02-05 15:25:00-08:00,10638,sisterhood go falcons win america time lets im beautiful game
2017-02-05 15:26:00-08:00,10685,sisterhood go anthem luke falcons win national america time bryan
2017-02-05 15:27:00-08:00,11707,anthem luke national go win falcons time bryan like sisterhood
2017-02-05 15:28:00-08:00,12438,anthem national luke bryan go time win falcons lets america
2017-02-05 15:29:00-08:00,12758,anthem national go luke falcons win bryan time lets game
2017-02-05 15:30:00-08:00,13283,time anthem national falcons go win game lets luke li
2017-02-05 15:31:00-08:00,14164,time commercial anthem national go falcons win america commercials lets
2017-02-05 15:32:00-08:00,11376,commercial time anthem win go national falcons america watching im
2017-02-05 15:33:00-08:00,13205,bush george see barbara go time president win im falcons
2017-02-05 15:34:00-08:00,12768,bush coin george toss president see go barbara falcons win
2017-02-05 15:35:00-08:00,14502,bush coin toss george time president lets watching go falcons
2017-02-05 15:36:00-08:00,14879,bush coin toss george president win go time lets falcons
2017-02-05 15:37:00-08:00,16102,bush go coin george president toss time lets win falcons
2017-02-05 15:38:00-08:00,14047,go bush george coin lets president time falcons win li
2017-02-05 15:39:00-08:00,11486,bush go time falcons win george president lets watching game
2017-02-05 15:40:00-08:00,11549,bush go falcons win watching amp george 3 game lets
2017-02-05 15:41:00-08:00,11522,sundayyeee bush go falcons win watching amp im george lets
2017-02-05 15:42:00-08:00,12329,freeman falcons go bush win watching sundayyeee run lets im
2017-02-05 15:43:00-08:00,10383,im falcons go bush win watching goes 37 excited gain
2017-02-05 15:44:00-08:00,9052,bush im watching falcons go win like gaga george game
2017-02-05 15:45:00-08:00,10574,falcons bush watching win im go like see time game
2017-02-05 15:46:00-08:00,10800,bush win commercials falcons commercial im get google watching like
2017-02-05 15:47:00-08:00,10737,bush commercials commercial george win president hw watching falcons coin
2017-02-05 15:48:00-08:00,10202,bush commercials commercial george im hw president watching win falcons
2017-02-05 15:49:00-08:00,9952,bush george win commercial watching im commercials brady like president
2017-02-05 15:50:00-08:00,9272,bush george win watching president im like falcons commercial hw
2017-02-05 15:51:00-08:00,9064,bush win george like watching falcons brady america president im
2017-02-05 15:52:00-08:00,9386,brady bush win like watching falcons george im amp america
2017-02-05 15:53:00-08:00,9342,brady bush falcons like watching win sack im sacked george
2017-02-05 15:54:00-08:00,11397,brady falcons bush like win sack tom sacked watching game
2017-02-05 15:55:00-08:00,10973,brady bush falcons win commercial tom like commercials watching im
2017-02-05 15:56:00-08:00,12305,commercial skittles commercials bush brady get like win falcons watching
2017-02-05 15:57:00-08:00,10129,commercial bush falcons commercials win brady watching like watch im
2017-02-05 15:58:00-08:00,9461,bush win commercial falcons brady like watch watching im commercials
2017-02-05 15:59:00-08:00,8838,bush win falcons watching like brady im commercial commercials gaga
2017-02-05 16:00:00-08:00,9541,bush win falcons like commercial game watching im watch brady
2017-02-05 16:01:00-08:00,9811,commercial bush win commercials like falcons im watching go game
2017-02-05 16:02:00-08:00,10962,commercial commercials bush watching win like oil one go falcons
2017-02-05 16:03:00-08:00,10104,commercial commercials bush one like win gaga watching lady oil
2017-02-05 16:04:00-08:00,10365,patriots quarter commercial bush commercials first score one win like
2017-02-05 16:05:00-08:00,10902,quarter commercials 1st first score commercial one win bush falcons
2017-02-05 16:06:00-08:00,12460,commercials commercial quarter brady 1st tom one score win watching
2017-02-05 16:07:00-08:00,12907,commercials commercial quarter win bush brady one ad watching far
2017-02-05 16:08:00-08:00,11764,commercials commercial falcons win watching brady ad quarter like bush
2017-02-05 16:09:00-08:00,12654,falcons recover ball commercials commercial fumble fumbleeeeeeeeee win bush first
2017-02-05 16:10:00-08:00,10858,falcons commercials commercial amp win america recover pirates game bush
2017-02-05 16:11:00-08:00,13328,commercial cam commercials buick newton far falcons best win america
2017-02-05 16:12:00-08:00,12423,commercial cam julio newton commercials amp far jones win best
2017-02-05 16:13:00-08:00,12330,commercial freeman falcons amp best win commercials like every cam
2017-02-05 16:14:00-08:00,10440,commercial falcons freeman win commercials best amp watching like im
2017-02-05 16:15:00-08:00,13042,commercial commercials win bieber best falcons like justin amp im
2017-02-05 16:16:00-08:00,18852,falcons touchdown freeman first commercial devonta td easy scoring touchdowns
2017-02-05 16:17:00-08:00,19369,falcons touchdown freeman first td commercial devonta strike one atlanta
2017-02-05 16:18:00-08:00,16946,falcons touchdown commercial first freeman one atl atlanta 7 0
2017-02-05 16:19:00-08:00,16674,commercial falcons touchdown first commercials win epic one freeman best
2017-02-05 16:20:00-08:00,13659,commercial falcons first win touchdown commercials amp one im best
2017-02-05 16:21:00-08:00,12959,commercial falcons amp first win like one watch commercials watching
2017-02-05 16:22:00-08:00,11860,commercial falcons like amp win first watching america im bush
2017-02-05 16:23:00-08:00,10701,commercial falcons fly like win amp first freeman watching commercials
2017-02-05 16:24:00-08:00,12475,commercial falcons like win commercials amp first im america halftime
2017-02-05 16:25:00-08:00,14175,im game us happy wishing living lowkey commercial falcons commercials
2017-02-05 16:26:00-08:00,14176,julio commercial im game falcons jones us like win happy
2017-02-05 16:27:00-08:00,12391,commercial hit im youve julio falcons game like win watching
2017-02-05 16:28:00-08:00,19331,hit youve touchdown falcons one another matty ice commercial im
2017-02-05 16:29:00-08:00,17916,hit youve falcons touchdown one another matty win commercial atlanta
2017-02-05 16:30:00-08:00,19792,hit youve touchdown falcons hooper 14 0 atl ne commercial
2017-02-05 16:31:00-08:00,18804,hit youve falcons touchdown commercial win like one atlanta hooper
2017-02-05 16:32:00-08:00,18033,hit youve falcons commercial touchdown like win one hooper halftime
2017-02-05 16:33:00-08:00,15774,hit youve falcons commercial touchdown like win patriots halftime bush
2017-02-05 16:34:00-08:00,14358,hit youve falcons commercial win patriots halftime like bush going
2017-02-05 16:35:00-08:00,13167,hit youve falcons commercial win bush brady like halftime im
2017-02-05 16:36:00-08:00,13347,falcons hit patriots im youve win bush like halftime commercial
2017-02-05 16:37:00-08:00,12384,hit patriots im falcons youve bush commercial win like halftime
2017-02-05 16:38:00-08:00,12312,hit im patriots falcons youve commercial look bush win halftime
2017-02-05 16:39:00-08:00,13127,hit patriots falcons im youve win commercial bush halftime like
2017-02-05 16:40:00-08:00,12934,hit patriots im falcons youve commercial win bush look like
2017-02-05 16:41:00-08:00,14051,falcons patriots hit gaga im commercial youve look win halftime
2017-02-05 16:42:00-08:00,15006,falcons patriots hit gaga halftime im holding youve commercial win
2017-02-05 16:43:00-08:00,13064,falcons gaga hit patriots halftime win im commercial youve lady
2017-02-05 16:44:00-08:00,13051,falcons patriots im gaga wow pick halftime win commercial game
2017-02-05 16:45:00-08:00,32607,pick falcons brady wow right patriots alford 6 game tom
2017-02-05 16:46:00-08:00,36251,falcons patriots pick brady tom 210 6 right lead atlanta
2017-02-05 16:47:00-08:00,36187,falcons patriots deflated brady pick6 tom pick yards 82 right
2017-02-05 16:48:00-08:00,31354,falcons deflated patriots brady tom pick right td im like
2017-02-05 16:49:00-08:00,25314,falcons patriots brady deflated tom pick right like win td
2017-02-05 16:50:00-08:00,22888,patriots falcons brady deflated tom im win right like hit
2017-02-05 16:51:00-08:00,21136,falcons patriots brady deflated tom win im 21 hit right
2017-02-05 16:52:00-08:00,19328,patriots falcons brady deflated tom im win hit right like
2017-02-05 16:53:00-08:00,17259,patriots falcons brady tom deflated im win halftime like hit
2017-02-05 16:54:00-08:00,17396,patriots brady falcons tom im win deflated halftime hit get
2017-02-05 16:55:00-08:00,17336,patriots falcons brady win im tom wow halftime deflated like
2017-02-05 16:56:00-08:00,15287,patriots brady falcons tom im halftime win gaga like lady
2017-02-05 16:57:00-08:00,14672,patriots brady falcons tom im win halftime gaga like lady
2017-02-05 16:58:00-08:00,14323,patriots brady falcons im tom win gaga halftime lady need
2017-02-05 16:59:00-08:00,14367,patriots brady falcons im gaga win halftime tom need lady
2017-02-05 17:00:00-08:00,13244,patriots im falcons brady gaga win halftime tom going need
2017-02-05 17:01:00-08:00,13386,patriots falcons im brady gaga win halftime tom one like
2017-02-05 17:02:00-08:00,15414,patriots falcons im brady halftime win tom gaga half like
2017-02-05 17:03:00-08:00,17038,patriots falcons halftime im brady win gaga half tom need
2017-02-05 17:04:00-08:00,19142,halftime patriots falcons half gaga im 3 brady 21 show
2017-02-05 17:05:00-08:00,18427,halftime patriots falcons half gaga im 3 show brady time
2017-02-05 17:06:00-08:00,17832,halftime patriots falcons gaga im half show brady time win
2017-02-05 17:07:00-08:00,17702,halftime patriots half falcons im gaga win show lady time
2017-02-05 17:08:00-08:00,17408,halftime patriots falcons gaga half im show win lady brady
2017-02-05 17:09:00-08:00,19732,retweet tweet end follow enter winner picked halftime patriots gaga
2017-02-05 17:10:00-08:00,16511,retweet tweet end follow winner enter picked halftime patriots gaga
2017-02-05 17:11:00-08:00,17744,halftime gaga patriots retweet lady tweet end follow winner enter
2017-02-05 17:12:00-08:00,16977,halftime gaga patriots lady commercial im falcons half show one
2017-02-05 17:13:00-08:00,16874,halftime gaga half one lady patriots first show time im
2017-02-05 17:14:00-08:00,14467,gaga lady halftime show half time one im falcons patriots
2017-02-05 17:15:00-08:00,17017,gaga lady halftime show im half like patriots one time
2017-02-05 17:16:00-08:00,18279,gaga lady halftime show like im half patriots one time
2017-02-05 17:17:00-08:00,19207,gaga lady halftime show way born im like half patriots
2017-02-05 17:18:00-08:00,19798,gaga lady halftime show way im born like patriots half
2017-02-05 17:19:00-08:00,20312,gaga lady halftime show im like performance way half patriots
2017-02-05 17:20:00-08:00,22641,gaga lady halftime show im like performance see dance half
2017-02-05 17:21:00-08:00,22722,gaga lady halftime show like im patriots half performance time
2017-02-05 17:22:00-08:00,24373,gaga lady show halftime like im reasons half patriots performance
2017-02-05 17:23:00-08:00,22953,gaga lady show halftime like half time performance im patriots
2017-02-05 17:24:00-08:00,22168,gaga lady show halftime bad romance like im half performance
2017-02-05 17:25:00-08:00,22159,gaga lady show halftime bad im like performance time romance
2017-02-05 17:26:00-08:00,22571,gaga lady halftime show yeah performance like im patriots one
2017-02-05 17:27:00-08:00,35663,gaga lady show halftime wow performance yeah time im half
2017-02-05 17:28:00-08:00,43819,gaga lady show halftime performance wow time patriots half im
2017-02-05 17:29:00-08:00,44768,gaga lady show halftime performance patriots like yeah im wow
2017-02-05 17:30:00-08:00,42575,gaga lady show halftime performance patriots wow like im half
2017-02-05 17:31:00-08:00,40338,gaga lady show halftime performance patriots wow like im killed
2017-02-05 17:32:00-08:00,43024,gaga lady show halftime performance wow patriots killed amazing im
2017-02-05 17:33:00-08:00,43414,gaga lady show halftime performance patriots wow im like killed
2017-02-05 17:34:00-08:00,38905,gaga lady show halftime performance patriots like wow im half
2017-02-05 17:35:00-08:00,34746,gaga lady show halftime performance like patriots wow hi im
2017-02-05 17:36:00-08:00,29783,gaga lady show halftime performance like patriots wow im half
2017-02-05 17:37:00-08:00,26048,gaga lady show halftime performance patriots like wow im one
2017-02-05 17:38:00-08:00,23485,gaga lady show halftime performance like patriots im gagas wow
2017-02-05 17:39:00-08:00,23279,lady gaga show halftime performance patriots gagas im like wow
2017-02-05 17:40:00-08:00,24233,lady gaga halftime show performance gagas commercial full patriots im
2017-02-05 17:41:00-08:00,24842,lady gaga halftime show performance commercial gagas mr clean im
2017-02-05 17:42:00-08:00,24165,lady gaga halftime show performance commercial gagas full mr clean
2017-02-05 17:43:00-08:00,22427,lady gaga halftime show performance gagas commercial full im like
2017-02-05 17:44:00-08:00,21682,lady gaga halftime show performance gagas commercial im patriots like
2017-02-05 17:45:00-08:00,20339,lady gaga halftime show performance gagas like patriots im full
2017-02-05 17:46:00-08:00,18842,lady gaga halftime show performance gagas patriots im full like
2017-02-05 17:47:00-08:00,20134,lady gaga halftime show performance patriots commercial im gagas win
2017-02-05 17:48:00-08:00,21824,lady gaga halftime show commercial performance im patriots like gagas
2017-02-05 17:49:00-08:00,19539,lady gaga halftime show performance commercial patriots im gagas like
2017-02-05 17:50:00-08:00,21394,lady gaga halftime show performance patriots im commercial like gagas
2017-02-05 17:51:00-08:00,20487,lady gaga halftime show performance patriots commercial im like gagas
2017-02-05 17:52:00-08:00,19172,lady gaga halftime show performance patriots gagas im like falcons
2017-02-05 17:53:00-08:00,20443,lady gaga halftime show performance falcons patriots gagas im like
2017-02-05 17:54:00-08:00,27630,falcons lady gaga touchdown coleman patriots halftime show another td
2017-02-05 17:55:00-08:00,24460,lady gaga falcons patriots halftime show touchdown coleman performance like
2017-02-05 17:56:00-08:00,24534,lady gaga patriots halftime show falcons commercial performance im like
2017-02-05 17:57:00-08:00,23138,lady gaga show halftime patriots things commercial stranger 2 falcons
2017-02-05 17:58:00-08:00,24487,lady gaga halftime show patriots things commercial 2 stranger falcons
2017-02-05 17:59:00-08:00,23004,lady gaga halftime patriots show things falcons 2 commercial performance
2017-02-05 18:00:00-08:00,20888,lady gaga halftime show patriots performance things commercial 2 falcons
2017-02-05 18:01:00-08:00,20203,lady gaga halftime show patriots performance 2 falcons win like
2017-02-05 18:02:00-08:00,18756,lady gaga halftime show patriots performance like win falcons im
2017-02-05 18:03:00-08:00,17373,lady gaga halftime show patriots performance brady falcons like win
2017-02-05 18:04:00-08:00,17411,lady gaga halftime show patriots performance brady falcons like win
2017-02-05 18:05:00-08:00,17060,lady gaga halftime show patriots performance falcons win like im
2017-02-05 18:06:00-08:00,19284,lady gaga patriots halftime show touchdown 2 falcons performance win
2017-02-05 18:07:00-08:00,21108,lady patriots gaga halftime show missed point extra falcons win
2017-02-05 18:08:00-08:00,21185,lady gaga patriots halftime show win falcons im like commercial
2017-02-05 18:09:00-08:00,18055,lady gaga patriots halftime show win falcons commercial performance im
2017-02-05 18:10:00-08:00,17160,lady gaga halftime patriots show win falcons like performance im
2017-02-05 18:11:00-08:00,16666,lady gaga halftime patriots show win falcons like im performance
2017-02-05 18:12:00-08:00,18442,lady gaga halftime show patriots win falcons like im performance
2017-02-05 18:13:00-08:00,16626,lady gaga halftime show patriots win falcons like im performance
2017-02-05 18:14:00-08:00,16092,lady halftime gaga show patriots win like falcons everyone im
2017-02-05 18:15:00-08:00,16182,lady gaga patriots halftime show win falcons like everyone im
2017-02-05 18:16:00-08:00,15127,lady gaga halftime show patriots win falcons like im everyone
2017-02-05 18:17:00-08:00,15639,lady gaga halftime show patriots im win falcons amp like
2017-02-05 18:18:00-08:00,16885,lady im amp one 100 million us gaga message fans
2017-02-05 18:19:00-08:00,17090,lady im one amp gaga 100 patriots us million halftime
2017-02-05 18:20:00-08:00,18277,lady im one gaga amp 100 halftime patriots win falcons
2017-02-05 18:21:00-08:00,17071,lady im gaga one 100 amp halftime win patriots show
2017-02-05 18:22:00-08:00,15866,lady gaga im amp halftime one 100 win show patriots
2017-02-05 18:23:00-08:00,15186,lady gaga halftime im show one amp 100 win falcons
2017-02-05 18:24:00-08:00,14727,lady gaga halftime im show win amp one patriots 100
2017-02-05 18:25:00-08:00,14301,lady gaga halftime im show amp win one 100 patriots
2017-02-05 18:26:00-08:00,13155,lady gaga halftime im show win one amp patriots falcons
2017-02-05 18:27:00-08:00,13976,lady gaga halftime show im win one amp 100 falcons
2017-02-05 18:28:00-08:00,14525,lady gaga brady im halftime win falcons one show patriots
2017-02-05 18:29:00-08:00,17080,lady brady falcons gaga im patriots win halftime one show
2017-02-05 18:30:00-08:00,17415,lady brady halftime gaga falcons win show patriots im tom
2017-02-05 18:31:00-08:00,16602,lady gaga halftime brady falcons win im patriots show one
2017-02-05 18:32:00-08:00,15135,lady gaga halftime win patriots falcons im show brady one
2017-02-05 18:33:00-08:00,15957,lady halftime win gaga falcons patriots show im everyone 100
2017-02-05 18:34:00-08:00,15886,lady halftime win gaga falcons im 100 show everyone patriots
2017-02-05 18:35:00-08:00,13961,lady win gaga halftime falcons im show patriots 100 everyone
2017-02-05 18:36:00-08:00,13395,lady halftime gaga win falcons show im patriots everyone 100
2017-02-05 18:37:00-08:00,14658,lady gaga win halftime falcons show im everyone 100 patriots
2017-02-05 18:38:00-08:00,13700,lady falcons gaga halftime win patriots im show everyone 100
2017-02-05 18:39:00-08:00,14139,lady gaga falcons patriots win halftime im brady show everyone
2017-02-05 18:40:00-08:00,12021,lady gaga falcons win halftime im show patriots brady 100
2017-02-05 18:41:00-08:00,12326,lady gaga falcons patriots im win halftime show 100 amp
2017-02-05 18:42:00-08:00,16638,game lady one touchdown patriots got falcons gaga win brady
2017-02-05 18:43:00-08:00,20367,game falcons patriots lady one win got brady touchdown im
2017-02-05 18:44:00-08:00,18697,game lady falcons patriots one win got gaga im brady
2017-02-05 18:45:00-08:00,14265,lady falcons game win gaga patriots halftime one im show
2017-02-05 18:46:00-08:00,11882,lady gaga win falcons halftime one im patriots show game
2017-02-05 18:47:00-08:00,12180,lady win falcons gaga halftime show 100 patriots im everyone
2017-02-05 18:48:00-08:00,12782,julio catch lady jones gaga falcons win halftime show words
2017-02-05 18:49:00-08:00,21436,julio catch jones words lady gaga one falcons win wow
2017-02-05 18:50:00-08:00,19112,julio kidding catch jones lady gaga falcons win patriots one
2017-02-05 18:51:00-08:00,14195,julio jones kidding lady footwork unstoppable elite catch gaga halftime
2017-02-05 18:52:00-08:00,11611,lady julio gaga jones falcons halftime win im show kidding
2017-02-05 18:53:00-08:00,13903,lady falcons game julio gaga win im halftime jones patriots
2017-02-05 18:54:00-08:00,14569,game lady falcons tom brady win gaga got ball im
2017-02-05 18:55:00-08:00,11520,lady game brady falcons gaga win halftime im patriots show
2017-02-05 18:56:00-08:00,10418,lady gaga falcons win halftime brady game show im patriots
2017-02-05 18:57:00-08:00,10998,lady falcons gaga win atlanta im halftime brady game patriots
2017-02-05 18:58:00-08:00,9396,lady gaga falcons win halftime way im catch show game
2017-02-05 18:59:00-08:00,25281,catch way edelman thats wow catches one lady holy patriots
2017-02-05 19:00:00-08:00,23554,catch game edelman catches insane years lady one wow inches
2017-02-05 19:01:00-08:00,24223,catch game edelman inches catches julian falcons lady oh god
2017-02-05 19:02:00-08:00,25715,catch edelman game julian oh god lady falcons patriots win
2017-02-05 19:03:00-08:00,23551,edelman catch julian game caught ball lady somehow falcons win
2017-02-05 19:04:00-08:00,14484,game catch lady edelman gaga julian im falcons win patriots
2017-02-05 19:05:00-08:00,16184,game touchdown lady white patriots james falcons im gaga halftime
2017-02-05 19:06:00-08:00,24696,game tie good 2 2828 point conversion wowowowowow patriots wow
2017-02-05 19:07:00-08:00,38696,game tie brady tom 2828 good conversion patriots ever falcons
2017-02-05 19:08:00-08:00,31903,game brady tom tie yards patriots 2828 drive completions set
2017-02-05 19:09:00-08:00,22272,game brady tom history patriots falcons overtime lady im greatest
2017-02-05 19:10:00-08:00,17187,game falcons brady overtime history lady patriots like tom im
2017-02-05 19:11:00-08:00,20717,game falcons overtime brady win history like patriots tom lady
2017-02-05 19:12:00-08:00,19187,game falcons brady patriots overtime win like history lady im
2017-02-05 19:13:00-08:00,18923,game overtime first history ot ever time falcons lady win
2017-02-05 19:14:00-08:00,29777,first overtime ever time history welcome ot game falcons patriots
2017-02-05 19:15:00-08:00,33706,first overtime history time ever ot game welcome falcons patriots
2017-02-05 19:16:00-08:00,38667,overtime first history ever time game ot welcome patriots falcons
2017-02-05 19:17:00-08:00,35388,overtime first history game ever time ot welcome patriots falcons
2017-02-05 19:18:00-08:00,26436,overtime first history game ever time ot patriots falcons win
2017-02-05 19:19:00-08:00,21096,overtime first history game time ever im falcons patriots win
2017-02-05 19:20:00-08:00,18739,overtime first game history falcons time brady ever im win
2017-02-05 19:21:00-08:00,17105,overtime first game falcons history brady time ever win patriots
2017-02-05 19:22:00-08:00,17939,brady overtime first game time falcons ot history win patriots
2017-02-05 19:23:00-08:00,16252,game falcons overtime brady first win time patriots history im
2017-02-05 19:24:00-08:00,17534,brady patriots game win falcons overtime history tom ever time
2017-02-05 19:25:00-08:00,43805,patriots comeback win new england brady greatest falcons champions history
2017-02-05 19:26:00-08:00,64094,patriots win comeback new england brady champions game falcons tom
2017-02-05 19:27:00-08:00,64469,patriots win comeback game brady tom new falcons england history
2017-02-05 19:28:00-08:00,59936,patriots win comeback brady game tom history falcons new england
2017-02-05 19:29:00-08:00,54265,patriots win comeback brady game tom history falcons greatest new
2017-02-05 19:30:00-08:00,50010,win patriots brady comeback tom game falcons new history england
2017-02-05 19:31:00-08:00,45743,win patriots brady comeback tom game falcons history new england
2017-02-05 19:32:00-08:00,44262,patriots win brady game comeback tom falcons history five new
2017-02-05 19:33:00-08:00,43877,brady win patriots game comeback tom falcons history five ever
2017-02-05 19:34:00-08:00,41109,patriots win game brady comeback tom falcons history ever five
2017-02-05 19:35:00-08:00,37379,patriots game win brady tom comeback falcons history ever new
2017-02-05 19:36:00-08:00,35386,patriots game brady win tom comeback falcons history ever greatest
2017-02-05 19:37:00-08:00,33867,brady game patriots tom win falcons comeback history champions ever
2017-02-05 19:38:00-08:00,31405,brady game patriots tom win falcons comeback history champions ever
2017-02-05 19:39:00-08:00,26798,brady patriots game tom win falcons comeback history champions ever
2017-02-05 19:40:00-08:00,23622,brady patriots game win tom falcons comeback history champions ever
2017-02-05 19:41:00-08:00,23963,patriots brady game tom win falcons comeback history ever atlanta
2017-02-05 19:42:00-08:00,25119,brady tom patriots win champions comeback game falcons history mvp
2017-02-05 19:43:00-08:00,27627,brady tom champions patriots win comeback mvp game falcons goodell
2017-02-05 19:44:00-08:00,24627,brady tom patriots champions win comeback mvp falcons game kraft
2017-02-05 19:45:00-08:00,21237,brady tom patriots win champions comeback falcons game mvp wow
2017-02-05 19:46:00-08:00,21243,brady tom patriots win champions falcons game comeback mvp atlanta
2017-02-05 19:47:00-08:00,20829,brady tom patriots win champions game comeback mvp falcons atlanta
2017-02-05 19:48:00-08:00,23354,brady tom patriots win champions comeback game mvp falcons new
2017-02-05 19:49:00-08:00,23193,brady tom patriots champions win game comeback falcons mvp new
2017-02-05 19:50:00-08:00,23356,brady tom patriots champions win game comeback falcons another mvp
2017-02-05 19:51:00-08:00,22019,brady tom patriots win champions game comeback falcons mvp another
2017-02-05 19:52:00-08:00,20928,brady tom patriots win champions game falcons comeback mvp ever
2017-02-05 19:53:00-08:00,20236,brady tom patriots win game champions comeback falcons mvp lady
2017-02-05 19:54:00-08:00,19719,brady tom patriots win game champions comeback falcons mvp lady
2017-02-05 19:55:00-08:00,18117,brady tom patriots win game comeback champions falcons mvp lady
2017-02-05 19:56:00-08:00,17538,brady tom patriots win game comeback falcons champions mvp lady
2017-02-05 19:57:00-08:00,17413,brady tom patriots win game comeback falcons champions mvp lady
2017-02-05 19:58:00-08:00,16365,brady tom patriots win game falcons comeback champions lady ever
2017-02-05 19:59:00-08:00,15805,brady tom patriots win game falcons comeback champions ever lady
2017-02-05 20:00:00-08:00,15082,brady tom patriots win game comeback falcons champions lady ever
2017-02-05 20:01:00-08:00,14650,brady tom patriots win game comeback falcons champions lady ever
2017-02-05 20:02:00-08:00,14333,brady tom patriots win game falcons comeback champions lady ever
2017-02-05 20:03:00-08:00,13772,brady tom patriots win falcons game comeback champions lady ever
2017-02-05 20:04:00-08:00,13342,brady tom patriots win game falcons comeback champions lady ever
2017-02-05 20:05:00-08:00,13555,brady tom patriots win game falcons comeback champions mvp lady
2017-02-05 20:06:00-08:00,13478,brady tom patriots win falcons game comeback mvp champions lady
2017-02-05 20:07:00-08:00,12902,brady tom patriots game win falcons comeback champions lady mvp
2017-02-05 20:08:00-08:00,12963,brady tom patriots win falcons game comeback champions lady mvp
2017-02-05 20:09:00-08:00,12258,brady tom patriots win falcons game comeback lady champions gaga
2017-02-05 20:10:00-08:00,12038,brady tom patriots win game falcons comeback lady champions mvp
2017-02-05 20:11:00-08:00,12058,brady tom patriots win game falcons comeback lady champions history
2017-02-05 20:12:00-08:00,11958,brady patriots tom win game falcons comeback champions new lady
2017-02-05 20:13:00-08:00,12405,patriots new brady england tom champs win game falcons comeback
2017-02-05 20:14:00-08:00,12018,patriots brady tom new win england game champs falcons lady
2017-02-05 20:15:00-08:00,12311,patriots brady tom win new game england falcons comeback lady
2017-02-05 20:16:00-08:00,11509,patriots brady tom win new game england falcons one lady
2017-02-05 20:17:00-08:00,11216,patriots brady tom win new game falcons england one lady
2017-02-05 20:18:00-08:00,11018,patriots brady tom win new game falcons england lady comeback
2017-02-05 20:19:00-08:00,10763,patriots brady tom win new game falcons england lady comeback
2017-02-05 20:20:00-08:00,10712,patriots brady tom win new falcons game england lady comeback
2017-02-05 20:21:00-08:00,10644,patriots brady tom win game new falcons england lady comeback
2017-02-05 20:22:00-08:00,10195,brady patriots tom win game falcons new lady comeback england
2017-02-05 20:23:00-08:00,9807,brady patriots tom win game new falcons comeback england lady
2017-02-05 20:24:00-08:00,9756,brady patriots tom win game new falcons lady comeback england
2017-02-05 20:25:00-08:00,9718,patriots brady win tom game falcons lady new comeback ever
2017-02-05 20:26:00-08:00,9811,patriots brady tom win game lady falcons new comeback gaga
2017-02-05 20:27:00-08:00,9640,patriots brady tom win game falcons comeback lady new ever
2017-02-05 20:28:00-08:00,9319,patriots brady tom win game falcons ever lady new comeback
2017-02-05 20:29:00-08:00,9183,patriots brady tom win game lady falcons new comeback ever
2017-02-05 20:30:00-08:00,9064,patriots brady tom win game falcons lady comeback new gaga
